mean_fit_time,std_fit_time,mean_score_time,std_score_time,param_Model__C,params,split0_test_score,split1_test_score,split2_test_score,split3_test_score,mean_test_score,std_test_score,rank_test_score
0.09358000755310059,0.0076169753266135875,0.002335846424102783,0.0036958007809897303,0.0001,{'Model__C': 0.0001},-1395.0,-1408.0,-1437.0,-1395.0,-1408.75,17.151894939043906,7
0.12177377939224243,0.011041158380291325,0.0069411396980285645,0.007460691270117753,0.004641588833612782,{'Model__C': 0.004641588833612782},-1324.0,-1301.0,-1334.0,-1320.0,-1319.75,11.96609794377432,6
0.3397522568702698,0.017805573832256377,0.0055956244468688965,0.004636086760175261,0.21544346900318845,{'Model__C': 0.21544346900318845},-1310.0,-1233.0,-1346.0,-1259.0,-1287.0,43.90330283703038,5
1.402455985546112,0.16093718083345354,0.008847653865814209,0.0008191011488096703,10.0,{'Model__C': 10.0},-1295.0,-1204.0,-1334.0,-1235.0,-1267.0,50.66063560596136,1
1.9640244245529175,0.14454603987298945,0.004619777202606201,0.004662457746924192,464.1588833612782,{'Model__C': 464.1588833612782},-1290.0,-1202.0,-1346.0,-1240.0,-1269.5,54.080957831754425,4
2.254867374897003,0.19356913796999714,0.007829785346984863,0.004536682239517635,21544.346900318866,{'Model__C': 21544.346900318866},-1289.0,-1201.0,-1345.0,-1240.0,-1268.75,53.94615370904584,2
2.4833698868751526,0.2499107242074984,0.006515443325042725,0.004115787704326884,1000000.0,{'Model__C': 1000000.0},-1289.0,-1202.0,-1347.0,-1238.0,-1269.0,54.621424368099376,3
