mean_fit_time,std_fit_time,mean_score_time,std_score_time,param_Model__C,params,split0_test_score,split1_test_score,split2_test_score,split3_test_score,mean_test_score,std_test_score,rank_test_score
0.3361433744430542,0.0055564303129171854,0.026201248168945312,0.007469233937643171,0.0001,{'Model__C': 0.0001},-1004.0,-1083.0,-1051.0,-1112.0,-1062.5,40.078048854703496,7
0.4139143228530884,0.016060567275275318,0.01846909523010254,0.0058979393759402265,0.004641588833612782,{'Model__C': 0.004641588833612782},-962.0,-1016.0,-1039.0,-1026.0,-1010.75,29.303370113350443,6
0.6621894240379333,0.052475339021296405,0.010941565036773682,0.007763446878803382,0.21544346900318845,{'Model__C': 0.21544346900318845},-955.0,-995.0,-967.0,-1026.0,-985.75,27.39867697535777,5
1.589149534702301,0.25545496561047076,0.01267784833908081,0.007403164111209599,10.0,{'Model__C': 10.0},-919.0,-967.0,-962.0,-965.0,-953.25,19.854155736268414,1
2.0304651856422424,0.11216400918023652,0.007917463779449463,0.007917576407478892,464.1588833612782,{'Model__C': 464.1588833612782},-931.0,-973.0,-954.0,-961.0,-954.75,15.303185942802891,2
2.7186864614486694,0.3469974479256024,0.014088571071624756,0.001747163210595142,21544.346900318866,{'Model__C': 21544.346900318866},-932.0,-973.0,-955.0,-959.0,-954.75,14.737282653189496,2
2.534313201904297,0.2859442321290597,0.011781692504882812,0.006802416317990542,1000000.0,{'Model__C': 1000000.0},-931.0,-973.0,-953.0,-962.0,-954.75,15.433324334050653,2
