mean_fit_time,std_fit_time,mean_score_time,std_score_time,param_Model__C,params,split0_test_score,split1_test_score,split2_test_score,split3_test_score,mean_test_score,std_test_score,rank_test_score
0.572196364402771,0.07393908632182038,0.025326251983642578,0.00884233981219774,0.0001,{'Model__C': 0.0001},-1027.0,-967.0,-1142.0,-1008.0,-1036.0,64.92688195193112,7
0.46160954236984253,0.027580409079463387,0.02519047260284424,0.009784769297813196,0.004641588833612782,{'Model__C': 0.004641588833612782},-1004.0,-921.0,-1092.0,-975.0,-998.0,61.90718859712497,6
0.967881977558136,0.10241688685369363,0.023633718490600586,0.008278000177251336,0.21544346900318845,{'Model__C': 0.21544346900318845},-953.0,-934.0,-1051.0,-933.0,-967.75,48.72050389722996,1
2.770219385623932,0.4051444143044127,0.03105062246322632,0.006041324912375068,10.0,{'Model__C': 10.0},-970.0,-943.0,-1046.0,-964.0,-980.75,38.98316944528754,5
5.0548083782196045,0.24768372097825206,0.034266114234924316,0.019397992493610725,464.1588833612782,{'Model__C': 464.1588833612782},-970.0,-931.0,-1039.0,-978.0,-979.5,38.68139087468288,3
6.081693947315216,0.375570125427105,0.031309545040130615,0.0063846514107348444,21544.346900318866,{'Model__C': 21544.346900318866},-971.0,-931.0,-1038.0,-977.0,-979.25,38.25163395202877,2
5.573218405246735,1.0479419296809556,0.02473926544189453,0.012580070719657653,1000000.0,{'Model__C': 1000000.0},-975.0,-928.0,-1039.0,-977.0,-979.75,39.42952573896876,4
