mean_fit_time,std_fit_time,mean_score_time,std_score_time,param_Model__C,params,split0_test_score,split1_test_score,split2_test_score,split3_test_score,mean_test_score,std_test_score,rank_test_score
0.5702934861183167,0.08032221724086248,0.026718974113464355,0.006500919722111328,0.0001,{'Model__C': 0.0001},-1142.0,-1056.0,-988.0,-989.0,-1043.75,63.06494668197223,7
0.4625808596611023,0.018546723956005796,0.0226898193359375,0.0061023598024535245,0.004641588833612782,{'Model__C': 0.004641588833612782},-1097.0,-1016.0,-906.0,-912.0,-982.75,79.14346151135923,6
0.9352505207061768,0.16241874801586517,0.029726088047027588,0.012816125459116114,0.21544346900318845,{'Model__C': 0.21544346900318845},-1001.0,-958.0,-890.0,-884.0,-933.25,48.73076543622109,1
2.866582989692688,0.3317787159481582,0.033139705657958984,0.006069571696942339,10.0,{'Model__C': 10.0},-949.0,-978.0,-943.0,-896.0,-941.5,29.415132160165456,4
5.163778126239777,0.637861761116028,0.024738788604736328,0.004872470677701357,464.1588833612782,{'Model__C': 464.1588833612782},-940.0,-985.0,-942.0,-900.0,-941.75,30.06971067369954,5
5.872388958930969,1.0851286104641,0.028185129165649414,0.0062751421267981,21544.346900318866,{'Model__C': 21544.346900318866},-940.0,-984.0,-941.0,-899.0,-941.0,30.058276730378275,3
4.7262943983078,0.6013689449611588,0.01832979917526245,0.010122837881231863,1000000.0,{'Model__C': 1000000.0},-938.0,-983.0,-940.0,-899.0,-940.0,29.723727895403698,2
